VID_ID,Date,Time,Fish_ID,Sound,TrainedWith,Speaker,Days_Since_Train,Fish_TrialNum,Temp_C,pH,Exit_s,Return_s,Exit_N,Return_N,Notes
1,8/3/2022,1001,1,Acclimation,Air,Left,1,1,18.1,7.933,12,43,3,2,
2,8/3/2022,1007,1,Sound,Air,Left,1,1,18.1,NA,1,49,5,5,
3,8/3/2022,1023,1,Acclimation,Air,Right,1,2,18.2,7.92,35,34,3,2,
4,8/3/2022,1029,1,Sound,Air,Right,1,2,18.2,NA,NA,NA,0,NA,swims in circles around speaker
5,8/3/2022,1047,1,Acclimation,Air,Left,1,3,18,7.931,13,58,4,4,
6,8/3/2022,1053,1,Sound,Air,Left,1,3,18,NA,8,79,2,2,
7,8/3/2022,1117,2,Acclimation,Air,Right,1,1,18.3,7.92,46,2,3,3,hovering around shuttle
8,8/3/2022,1124,2,Sound,Air,Right,1,1,18.3,NA,100,5,4,4,
9,8/3/2022,1145,2,Acclimation,Air,Left,1,2,18.2,7.923,2,105,2,1,
10,8/3/2022,1152,2,Sound,Air,Left,1,2,18.2,NA,8,8,5,5,
11,8/3/2022,1208,2,Acclimation,Air,Right,1,3,18,7.919,22,NA,1,NA,
12,8/3/2022,1214,2,Sound,Air,Right,1,3,18,NA,38,5,2,2,
13,8/3/2022,1249,3,Acclimation,Air,Left,1,1,19.3,7.88,6,14,4,3,
14,8/3/2022,1257,3,Sound,Air,Left,1,1,19.3,NA,NA,NA,0,NA,"No shuttling. Error with right side cam, only 2 minutes. "
15,8/3/2022,1316,3,Acclimation,Air,Right,1,2,18.8,7.83,20,17,3,2,
16,8/3/2022,1322,3,Sound,Air,Right,1,2,18.8,NA,16,4,2,2,
17,8/3/2022,1339,3,Acclimation,Air,Left,1,3,18.4,7.8,2,142,3,2,
18,8/3/2022,1349,3,Sound,Air,Left,1,3,18.4,NA,NA,NA,0,NA,"Less active, hugging speaker wall by bubblers"
19,8/5/2022,1015,1,Acclimation,Air,Right,3,4,17.4,7.86,20,19,3,3,
20,8/5/2022,1021,1,Sound,Air,Right,3,4,17.4,NA,3,31,4,4,
21,8/5/2022,1039,1,Acclimation,Air,Left,3,5,17.8,7.86,29,20,2,1,
22,8/5/2022,1045,1,Sound,Air,Left,3,5,17,NA,181,4,2,2,
23,8/5/2022,1102,1,Acclimation,Air,Right,3,6,16.9,7.82,97,46,2,1,
24,8/5/2022,1108,1,Sound,Air,Right,3,6,16.9,NA,8,286,1,1,
25,8/5/2022,1127,2,Acclimation,Air,Left,3,4,17.1,7.873,22,31,5,4,
26,8/5/2022,1133,2,Sound,Air,Left,3,4,17.1,NA,191,8,2,2,
27,8/5/2022,1150,2,Acclimation,Air,Right,3,5,17.1,7.872,58,Inf,1,0,
28,8/5/2022,1201,2,Sound,Air,Right,3,5,17.1,NA,NA,NA,0,NA,
29,8/5/2022,1217,2,Acclimation,Air,Left,3,6,17.2,7.873,21,7,3,3,
30,8/5/2022,1223,2,Sound,Air,Left,3,6,17.2,NA,3,27,1,1,
31,8/5/2022,1310,3,Acclimation,Air,Right,3,4,17.3,7.872,95,Inf,1,0,
32,8/5/2022,1318,3,Sound,Air,Right,3,4,17.3,NA,49,13,3,3,
33,8/5/2022,1334,3,Acclimation,Air,Left,3,5,17.3,7.866,14,64,2,1,
34,8/5/2022,1341,3,Sound,Air,Left,3,5,17.3,NA,66,3,1,1,
35,8/5/2022,1358,3,Acclimation,Air,Right,3,6,17.1,7.863,Inf,NA,0,0,
36,8/5/2022,1403,3,Sound,Air,Right,3,6,17.1,NA,Inf,NA,0,0,5s delay after light
37,8/9/2022,1428,3,Acclimation,Air,Left,7,7,17.2,7.709,NA,NA,0,NA,
38,8/9/2022,1435,3,Sound,Air,Left,7,7,17.2,NA,NA,NA,0,NA,
39,8/9/2022,1444,3,Acclimation,Air,Right,7,8,17.2,7.711,225,NA,1,NA,
40,8/9/2022,1451,3,Sound,Air,Right,7,8,17.2,NA,NA,NA,0,NA,
41,8/9/2022,1500,3,Acclimation,Air,Left,7,9,17.2,7.713,NA,NA,0,NA,
42,8/9/2022,1505,3,Sound,Air,Left,7,9,17.2,NA,NA,NA,0,NA,
43,8/9/2022,1516,2,Acclimation,Air,Right,7,7,16.8,7.711,58,220,2,1,
44,8/9/2022,1549,2,Acclimation,Air,Right,7,8,17.2,7.712,NA,NA,0,NA,was supposed to be on left
45,8/9/2022,1600,2,Sound,Air,Left,7,8,17.2,NA,8,31,4,4,
46,8/9/2022,1608,2,Acclimation,Air,Right,7,9,16.8,7.714,19,53,1,1,
47,8/9/2022,1614,2,Sound,Air,Right,7,9,16.8,NA,NA,NA,0,NA,
48,8/9/2022,1621,1,Acclimation,Air,Left,7,7,16.6,7.756,NA,NA,0,NA,
49,8/9/2022,1628,1,Sound,Air,Left,7,7,16.9,NA,NA,NA,0,NA,
50,8/9/2022,1635,1,Acclimation,Air,Right,7,8,17,7.714,11,NA,1,NA,
51,8/9/2022,1641,1,Sound,Air,Right,7,8,17,7.709,7,NA,1,NA,
52,8/9/2022,1648,1,Acclimation,Air,Left,7,9,17.1,7.716,68,127,1,1,
53,8/9/2022,1658,1,Sound,Air,Left,7,9,17,7.712,NA,NA,0,NA,
54,8/10/2022,1000,4,Acclimation,CO2,Right,1,1,17.1,7.881,22,9,4,4,
55,8/10/2022,1008,4,Sound,CO2,Right,1,1,17.1,7.919,7,33,6,6,
56,8/10/2022,1026,4,Acclimation,CO2,Left,1,2,16.7,7.913,10,22,6,5,temp folder 
57,8/10/2022,1035,4,Sound,CO2,Left,1,2,16.5,7.917,1,NA,1,NA,sound is played 2 seconds in. ignore light
58,8/10/2022,1048,4,Acclimation,CO2,Right,1,3,16.8,7.906,111,23,3,3,
59,8/10/2022,1055,4,Sound,CO2,Right,1,3,16.9,7.912,14,7,1,1,
60,8/10/2022,1118,5,Acclimation,CO2,Left,1,1,17.1,7.912,53,38,4,4,
61,8/10/2022,1124,5,Sound,CO2,Left,1,1,17,7.904,6,32,5,5,
62,8/10/2022,1135,5,Acclimation,CO2,Right,1,2,16.8,7.899,6,20,4,3,
63,8/10/2022,1141,5,Sound,CO2,Right,1,2,16.8,7.909,5,23,3,3,
64,8/10/2022,1156,5,Acclimation,CO2,Left,1,3,16.7,7.911,5,32,4,3,
65,8/10/2022,1207,5,Sound,CO2,Left,1,3,16.6,7.893,0,33,5,4,"shuttled immediatley, fish undecisive"
66,8/10/2022,1228,6,Acclimation,CO2,Right,1,1,16.6,7.889,44,21,4,4,
67,8/10/2022,1234,6,Sound,CO2,Right,1,1,16.7,7.9,12,16,2,1,good avoidance 
68,8/10/2022,1248,6,Acclimation,CO2,Left,1,2,16.7,7.949,NA,NA,0,NA,
69,8/10/2022,1253,6,Sound,CO2,Left,1,2,16.7,7.878,108,39,2,1,
70,8/10/2022,1341,6,Acclimation,CO2,Right,1,3,16.7,7.86,153,32,1,1,
71,8/10/2022,1347,6,Sound,CO2,Right,1,3,16.7,7.857,NA,NA,0,NA,
72,8/10/2022,1410,7,Acclimation,CO2,Left,1,1,16.8,7.854,97,37,2,2,freeze affect on fish 7 + lack of reaction overall. 
73,8/10/2022,1415,7,Sound,CO2,Left,1,1,16.8,7.8511,NA,NA,0,NA,sound is played 1 second before light 
74,8/10/2022,1429,7,Acclimation,CO2,Right,1,2,16.8,7.871,50,42,1,1,
75,8/10/2022,1437,7,Sound,CO2,Right,1,2,16.8,7.869,NA,NA,0,NA,
76,8/10/2022,1451,7,Acclimation,CO2,Left,1,3,16.8,7.844,16,89,2,1,
77,8/10/2022,1458,7,Sound,CO2,Left,1,3,16.8,7.847,4,236,1,1,shuttle sitter + manic episode
78,8/10/2022,1515,8,Acclimation,CO2,Right,1,1,16.8,7.859,45,37,4,3,
79,8/10/2022,1523,8,Sound,CO2,Right,1,1,16.7,7.849,24,27,1,1,
80,8/10/2022,1542,8,Acclimation,CO2,Left,1,2,16.9,7.855,3,NA,1,NA,
81,8/10/2022,1553,8,Sound,CO2,Left,1,2,16.8,7.849,7,NA,1,NA,
82,8/10/2022,1609,8,Acclimation,CO2,Right,1,3,16.8,7.843,NA,NA,0,NA,
83,8/10/2022,1620,8,Sound,CO2,Right,1,3,16.9,7.84,145,7,1,1,
84,8/12/2022,1007,4,Acclimation,CO2,Right,3,4,NA,NA,6,33,5,4,
85,8/12/2022,1024,4,Sound,CO2,Right,3,4,18.8,7.862,NA,NA,0,NA,
86,8/12/2022,1100,4,Acclimation,CO2,Left,3,5,17.9,8.016,20,34,4,3,Unplugged pumps from now on
87,8/12/2022,1129,4,Sound,CO2,Left,3,5,17.9,7.99,1,15,3,3,
88,8/12/2022,1142,4,Acclimation,CO2,Right,3,6,17.9,7.978,39,43,2,2,
89,8/12/2022,1148,4,Sound,CO2,Right,3,6,17.9,7.985,8,39,1,1,Sound after 3s of light
90,8/12/2022,1204,5,Acclimation,CO2,Left,3,4,17.9,7.973,2,28,5,5,
91,8/12/2022,1210,5,Sound,CO2,Left,3,4,17.8,7.991,30,18,3,2,
92,8/12/2022,1223,5,Acclimation,CO2,Right,3,5,17.5,7.996,10,12,5,4,
93,8/12/2022,1310,5,Sound,CO2,Right,3,5,17.5,7.984,4,19,2,2,
94,8/12/2022,1323,5,Acclimation,CO2,Left,3,6,17.7,7.996,1,22,4,4,
95,8/12/2022,1329,5,Sound,CO2,Left,3,6,17.7,7.988,4,8,4,4,
96,8/12/2022,1341,6,Acclimation,CO2,Right,3,4,17.5,7.997,14,28,5,4,
97,8/12/2022,1347,6,Sound,CO2,Right,3,4,17.5,7.992,18,49,4,3,
98,8/12/2022,1358,6,Acclimation,CO2,Left,3,5,17.6,7.958,66,19,3,3,
99,8/12/2022,1404,6,Sound,CO2,Left,3,5,17.7,7.987,9,10,2,2,
100,8/12/2022,1414,6,Acclimation,CO2,Right,3,6,17.8,8.014,89,25,4,3,
101,8/12/2022,1421,6,Sound,CO2,Right,3,6,17.8,8.013,100,6,1,1,
102,8/12/2022,1442,7,Acclimation,CO2,Left,3,4,17.8,7.966,40,45,3,3,
103,8/12/2022,1448,7,Sound,CO2,Left,3,4,17.9,7.991,87,97,1,1,Sound on 1s after light
104,8/12/2022,1500,7,Acclimation,CO2,Right,3,5,17.9,7.972,16,19,3,3,
105,8/12/2022,1505,7,Sound,CO2,Right,3,5,17.9,7.98,11,NA,1,NA,
106,8/12/2022,1516,7,Acclimation,CO2,Left,3,6,17.5,7.985,90,120,3,2,
107,8/12/2022,1526,7,Sound,CO2,Left,3,6,17.5,7.976,2s,NA,1,NA,"sound is on 1s into video, ignore light"
108,8/12/2022,1541,8,Acclimation,CO2,Right,3,4,17.5,7.977,16,44,3,3,
109,8/12/2022,1547,8,Sound,CO2,Right,3,4,17.8,7.982,9,41,5,4,
110,8/12/2022,1557,8,Acclimation,CO2,Left,3,5,17.9,7.988,53,47,3,2,
111,8/12/2022,1603,8,Sound,CO2,Left,3,5,18,7.999,25,58,3,3,
112,8/12/2022,1612,8,Acclimation,CO2,Right,3,6,17.8,7.984,29,42,3,2,
113,8/12/2022,1619,8,Sound,CO2,Right,3,6,17.8,7.994,8,33,4,3,
114,8/16/2022,1403,4,Acclimation,CO2,Left,7,7,18.3,7.919,2,83,3,2,
115,8/16/2022,1408,4,Sound,CO2,Left,7,7,17.7,8.016,2,29,4,4,light turns on 5s after sound
116,8/16/2022,1422,4,Acclimation,CO2,Right,7,8,NA,NA,3,81,3,2,
117,8/16/2022,1428,4,Sound,CO2,Right,7,8,17.1,8.007,205,211,1,1,
118,8/16/2022,1441,4,Acclimation,CO2,Left,7,9,17.3,8.008,35,142,2,2,
119,8/16/2022,1448,4,Sound,CO2,Left,7,9,17.3,8.007,12,NA,1,NA,
120,8/16/2022,1507,5,Acclimation,CO2,Right,7,7,17.1,8.005,210,288,1,1,
121,8/16/2022,1514,5,Sound,CO2,Right,7,7,17.1,8.019,189,221,1,1,
122,8/16/2022,1524,5,Acclimation,CO2,Left,7,8,17.1,8.04,NA,NA,0,NA,
123,8/16/2022,1529,5,Sound,CO2,Left,7,8,17.1,8.029,191,NA,1,NA,
124,8/16/2022,1537,5,Acclimation,CO2,Right,7,9,17.1,8.07,NA,NA,0,NA,
125,8/16/2022,1543,5,Sound,CO2,Right,7,9,17,8.022,35,242,1,1,
126,8/16/2022,1550,6,Acclimation,CO2,Left,7,7,17.1,8.024,51,181,4,3,
127,8/16/2022,1555,6,Sound,CO2,Left,7,7,17.1,8.019,10,37,5,5,2s light came on after sound
128,8/16/2022,1603,6,Acclimation,CO2,Right,7,8,17.2,8.08,18,41,6,6,
129,8/16/2022,1610,6,Sound,CO2,Right,7,8,17.2,8.01,7,29,4,4,
130,8/16/2022,1617,6,Acclimation,CO2,Left,7,9,17.3,8.06,12,28,4,4,
131,8/16/2022,1622,6,Sound,CO2,Left,7,9,17.2,8.034,NA,NA,0,NA,
132,8/16/2022,1630,7,Acclimation,CO2,Right,7,7,17.1,7.993,18,39,5,5,
133,8/16/2022,1636,7,Sound,CO2,Right,7,7,17.2,8.01,12,22,4,4,1s light on before sound
134,8/16/2022,1642,7,Acclimation,CO2,Left,7,8,17.3,8.096,13,34,4,3,
135,8/16/2022,1650,7,Sound,CO2,Left,7,8,17.3,8.013,77,16,4,4,
136,8/16/2022,1656,7,Acclimation,CO2,Right,7,9,17.3,8.061,24,12,5,5,
137,8/16/2022,1701,7,Sound,CO2,Right,7,9,17.4,8.014,NA,NA,0,NA,
138,8/16/2022,1709,8,Acclimation,CO2,Left,7,7,17.5,8.068,118,42,2,2,
139,8/16/2022,1715,8,Sound,CO2,Left,7,7,17.3,8.014,NA,NA,0,NA,
140,8/16/2022,1721,8,Acclimation,CO2,Right,7,8,17.2,8.087,180,NA,1,0,
141,8/16/2022,1727,8,Sound,CO2,Right,7,8,17.1,8.012,240,14,1,1,Exclude because fish not in reaction zone at sound onset?
142,8/16/2022,1734,8,Acclimation,CO2,Left,7,9,17.2,8.106,134,36,1,1,
143,8/16/2022,1739,8,Sound,CO2,Left,7,9,17.3,8.024,186,56,1,1,
144,8/17/2022,1019,9,Acclimation,Air,Left,1,1,17.5,7.955,9,30,5,4,
145,8/17/2022,1028,9,Sound,Air,Left,1,1,17.5,7.955,5,79,3,3,
146,8/17/2022,1040,9,Acclimation,Air,Right,1,2,17.2,7.99,13,7,2,2,
147,8/17/2022,1045,9,Sound,Air,Right,1,2,17.2,7.989,45,3,2,2,
148,8/17/2022,1058,9,Acclimation,Air,Left,1,3,17,7.967,28,6,4,3,
149,8/17/2022,1104,9,Sound,Air,Left,1,3,16.9,7.972,57,11,1,1,
150,8/17/2022,1126,11,Acclimation,Air,Right,1,1,16.9,7.982,4,64,4,4,
151,8/17/2022,1132,11,Sound,Air,Right,1,1,16.9,7.98,4,17,5,5,
152,8/17/2022,1142,11,Acclimation,Air,Left,1,2,17.3,7.99,28,71,3,3,
153,8/17/2022,1150,11,Sound,Air,Left,1,2,17.3,7.991,11,43,2,2,
154,8/17/2022,1201,11,Acclimation,Air,Right,1,3,17.5,7.975,2,73,3,2,
155,8/17/2022,1206,11,Sound,Air,Right,1,3,17.5,7.979,5,17,3,3,
156,8/17/2022,1226,10,Acclimation,Air,Left,1,1,17.6,7.985,5,28,4,3,
157,8/17/2022,1232,10,Sound,Air,Left,1,1,17.5,7.983,4,34,6,6,
158,8/17/2022,1241,10,Acclimation,Air,Right,1,2,17.8,7.992,5,29,5,5,
159,8/17/2022,1246,10,Sound,Air,Right,1,2,17.9,7.973,2,15,3,3,
160,8/17/2022,1256,10,Acclimation,Air,Left,1,3,17.9,8.007,5,55,4,4,
161,8/17/2022,1301,10,Sound,Air,Left,1,3,17.8,7.96,2,25,2,2,
162,8/17/2022,1337,12,Acclimation,Air,Right,1,1,18.8,7.794,10,14,1,1,
163,8/17/2022,1343,12,Sound,Air,Right,1,1,18.4,7.965,126,10,3,2,light on after 4s of sound
164,8/17/2022,1354,12,Acclimation,Air,Left,1,2,18.1,7.988,116,77,2,2,
165,8/17/2022,1402,12,Sound,Air,Left,1,2,18,7.96,21,12,3,3,
166,8/17/2022,1410,12,Acclimation,Air,Right,1,3,17.6,8.01,6,198,3,2,
167,8/17/2022,1417,12,Sound,Air,Right,1,3,17.4,7.978,4,9,3,3,
168,8/19/2022,954,9,Acclimation,Air,Left,3,4,17,7.944,25,55,6,5,ft. Cassie feet
169,8/19/2022,1000,9,Sound,Air,Left,3,4,17,7.957,4,33,6,5,
170,8/19/2022,1010,9,Acclimation,Air,Right,3,5,17.1,7.962,104,22,2,2,
171,8/19/2022,1015,9,Sound,Air,Right,3,5,17.1,7.963,NA,NA,0,NA,
172,8/19/2022,1023,9,Acclimation,Air,Left,3,6,17.3,7.958,35,200,2,1,
173,8/19/2022,1029,9,Sound,Air,Left,3,6,17.4,7.97,5,45,2,1,
174,8/19/2022,1048,11,Acclimation,Air,Right,3,4,17.6,7.956,40,50,4,4,
175,8/19/2022,1054,11,Sound,Air,Right,3,4,17.7,7.97,92,5,2,2,
176,8/19/2022,1101,11,Acclimation,Air,Left,3,5,17.7,8.099,4,48,3,2,
177,8/19/2022,1109,11,Sound,Air,Left,3,5,17.7,8.115,7,25,1,1,
178,8/19/2022,1117,11,Acclimation,Air,Right,3,6,17.6,8.049,22,27,6,6,
179,8/19/2022,1123,11,Sound,Air,Right,3,6,17.7,7.964,NA,NA,0,NA,
180,8/19/2022,1141,10,Acclimation,Air,Left,3,4,17.7,8.041,45,14,4,3,
181,8/19/2022,1149,10,Sound,Air,Left,3,4,17.7,7.977,19,16,1,1,
182,8/19/2022,1156,10,Acclimation,Air,Right,3,5,17.2,7.974,NA,NA,0,NA,
183,8/19/2022,1202,10,Sound,Air,Right,3,5,17.2,7.974,NA,NA,0,NA,
184,8/19/2022,1211,10,Acclimation,Air,Left,3,6,17.3,7.957,24,11,2,1,
185,8/19/2022,1218,10,Sound,Air,Left,3,6,17.3,7.961,2,6,1,1,
186,8/19/2022,1324,12,Acclimation,Air,Left,3,5,17.4,7.978,7,64,6,6,
187,8/19/2022,1308,12,Sound,Air,Left,3,4,17.4,7.97,30,9,2,2,"Fish starts on right side, speaker was on left. oops "
188,8/19/2022,1303,12,Acclimation,Air,Right,3,4,17.3,7.98,74,21,4,3,
189,8/19/2022,1330,12,Sound,Air,Right,3,5,17.3,7.949,1,8,3,3,
190,8/19/2022,1337,12,Acclimation,Air,Left,3,6,17.2,7.987,17,18,6,6,
191,8/19/2022,1342,12,Sound,Air,Left,3,6,17.2,7.986,1,28,1,1,Overall observations: startle effect then fish swim around live speaker
192,8/23/2022,1302,9,Acclimation,Air,Left,7,7,18.2,7.584,NA,NA,0,NA,
193,8/23/2022,1311,9,Sound,Air,Left,7,7,17.4,7.595,4,7,2,2,
194,8/23/2022,1328,9,Acclimation,Air,Right,7,8,17.2,7.576,3,NA,1,0,
195,8/23/2022,1338,9,Sound,Air,Right,7,8,17.4,7.752,6,40,2,2,
196,8/23/2022,1351,9,Acclimation,Air,Left,7,9,16.7,7.584,230,3,1,1,
197,8/23/2022,1356,9,Sound,Air,Left,7,9,16.6,7.6,NA,NA,0,NA,Never left sound chamber... Incorperate Inf values instead of NA?
198,8/23/2022,1407,11,Acclimation,Air,Right,7,7,17.1,7.616,40,38,3,3,
199,8/23/2022,1413,11,Sound,Air,Right,7,7,17.2,7.591,10,23,4,4,
200,8/23/2022,1428,11,Acclimation,Air,Left,7,8,16.8,7.595,54,81,3,3,
201,8/23/2022,1435,11,Sound,Air,Left,7,8,16.7,7.613,22,48,2,1,
202,8/23/2022,1447,11,Acclimation,Air,Right,7,9,16.8,7.613,10,48,1,1,
203,8/23/2022,1454,11,Sound,Air,Right,7,9,16.9,7.602,8,14,4,3,
204,8/23/2022,1508,10,Acclimation,Air,Left,7,7,16.8,7.595,65,42,6,6,
205,8/23/2022,1515,10,Sound,Air,Left,7,7,16.8,7.586,11,15,1,1,
206,8/23/2022,1527,10,Acclimation,Air,Right,7,8,17.1,7.577,78,16,2,2,
207,8/23/2022,1537,10,Sound,Air,Right,7,8,17.2,7.574,3,NA,1,0,
208,8/23/2022,1550,10,Acclimation,Air,Left,7,9,17,7.593,24,18,4,4,
209,8/23/2022,1558,10,Sound,Air,Left,7,9,16.9,7.63,2,6,2,2,
210,8/23/2022,1609,12,Acclimation,Air,Right,7,7,17,7.55,12,13,5,5,
211,8/23/2022,1616,12,Sound,Air,Right,7,7,17.1,7.6,59,7,4,4,
212,8/23/2022,1634,12,Acclimation,Air,Left,7,8,16.8,7.587,31,18,2,1,
213,8/23/2022,1642,12,Sound,Air,Left,7,8,16.9,7.597,16,32,4,3,light on 1s late
214,8/23/2022,1648,12,Acclimation,Air,Right,7,9,16.9,7.599,9,27,2,1,
215,8/23/2022,1656,12,Sound,Air,Right,7,9,16.9,7.592,13,12,1,1,
216,8/24/2022,1000,13,Acclimation,CO2,Left,1,1,17.8,7.6,14,52,4,3,
217,8/24/2022,1005,13,Sound,CO2,Left,1,1,17.8,7.589,4,30,5,5,
218,8/24/2022,1017,13,Acclimation,CO2,Right,1,2,17.9,7.706,5,NA,0,NA,
219,8/24/2022,1023,13,Sound,CO2,Right,1,2,18.1,7.731,24,25,1,1,
220,8/24/2022,1034,13,Acclimation,CO2,Left,1,3,18.1,7.602,58,14,1,1,
221,8/24/2022,1040,13,Sound,CO2,Left,1,3,18,7.604,NA,NA,0,NA,
222,8/24/2022,1057,14,Acclimation,CO2,Right,1,1,18.1,7.614,10,37,5,4,
223,8/24/2022,1103,14,Sound,CO2,Right,1,1,18.1,7.64,25,22,3,3,
224,8/24/2022,1114,14,Acclimation,CO2,Left,1,2,18,7.6,6,14,3,2,
225,8/24/2022,1123,14,Sound,CO2,Left,1,2,18,7.625,6,82,2,1,
226,8/24/2022,1135,14,Acclimation,CO2,Right,1,3,18.2,7.629,19,26,5,5,
227,8/24/2022,1140,14,Sound,CO2,Right,1,3,18.3,7.633,13,50,2,2,
228,8/24/2022,1201,15,Acclimation,CO2,Left,1,1,18.1,7.633,42,84,3,2,
229,8/24/2022,1209,15,Sound,CO2,Left,1,1,18.1,7.616,5,53,5,4,
230,8/24/2022,1220,15,Acclimation,CO2,Right,1,2,18.3,7.609,19,28,4,3,
231,8/24/2022,1226,15,Sound,CO2,Right,1,2,18.5,7.618,62,38,2,1,
232,8/24/2022,1238,15,Acclimation,CO2,Left,1,3,18.3,7.792,27,173,2,1,
233,8/24/2022,1243,15,Sound,CO2,Left,1,3,18.3,7.71,20,44,2,2,
234,8/24/2022,1339,16,Acclimation,CO2,Right,1,1,18.6,7.617,19,27,2,3,
235,8/24/2022,1344,16,Sound,CO2,Right,1,1,18.7,7.624,19,14,2,1,
236,8/24/2022,1355,16,Acclimation,CO2,Left,1,2,18.4,7.6,236,41,1,1,
237,8/24/2022,1401,16,Sound,CO2,Left,1,2,18.2,7.589,NA,NA,0,NA,
238,8/24/2022,1411,16,Acclimation,CO2,Right,1,3,18.5,7.632,11,19,6,5,
239,8/24/2022,1418,16,Sound,CO2,Right,1,3,18.6,7.61,5,103,3,2,
240,8/24/2022,1434,17,Acclimation,CO2,Left,1,1,18.1,7.598,NA,NA,0,NA,
241,8/24/2022,1441,17,Sound,CO2,Left,1,1,17.9,7.588,18,10,1,1,
242,8/24/2022,1454,17,Acclimation,CO2,Right,1,2,18.3,7.599,70,NA,1,0,
243,8/24/2022,1500,17,Sound,CO2,Right,1,2,18.5,7.613,10,24,2,2,
244,8/24/2022,1511,17,Acclimation,CO2,Left,1,3,18.3,7.586,20,15,3,2,
245,8/24/2022,1516,17,Sound,CO2,Left,1,3,18,7.577,16,28,3,3,
246,8/26/2022,1011,13,Acclimation,CO2,Right,3,4,18.3,7.72,27,23,4,4,
247,8/26/2022,1019,13,Sound,CO2,Right,3,4,18.1,7.88,NA,NA,0,NA,
248,8/26/2022,1036,13,Acclimation,CO2,Left,3,5,17.8,7.962,299,NA,1,NA,
249,8/26/2022,1044,13,Sound,CO2,Left,3,5,17.9,7.993,NA,NA,0,NA,Good movements away from speaker
250,8/26/2022,1059,13,Acclimation,CO2,Right,3,6,17.9,7.992,241,24,2,1,
251,8/26/2022,1107,13,Sound,CO2,Right,3,6,17.9,7.944,NA,NA,0,NA,
252,8/26/2022,1121,14,Acclimation,CO2,Left,3,4,17.6,7.935,49,24,6,5,
253,8/26/2022,1126,14,Sound,CO2,Left,3,4,17.6,7.936,30,32,4,4,"1 sec into vid, sound."
254,8/26/2022,1134,14,Acclimation,CO2,Right,3,5,17.6,7.93,20,13,3,3,
255,8/26/2022,1139,14,Sound,CO2,Right,3,5,17.6,7.88,NA,NA,0,NA,
256,8/26/2022,1149,14,Acclimation,CO2,Left,3,6,17.7,7.924,5,45,5,4,
257,8/26/2022,1154,14,Sound,CO2,Left,3,6,17.7,7.926,3,40,3,3,
258,8/26/2022,1205,15,Acclimation,CO2,Right,3,4,17.6,7.96,5,27,2,1,
259,8/26/2022,1211,15,Sound,CO2,Right,3,4,17.6,7.89,78,65,3,3,
260,8/26/2022,1220,15,Acclimation,CO2,Left,3,5,17.5,7.928,44,80,3,2,
261,8/26/2022,1226,15,Sound,CO2,Left,3,5,17.5,7.923,84,34,2,1,
262,8/26/2022,1257,15,Acclimation,CO2,Right,3,6,17.5,7.927,14,51,1,1,
263,8/26/2022,1304,15,Sound,CO2,Right,3,6,17.7,7.9,NA,NA,0,NA,
264,8/26/2022,1325,16,Acclimation,CO2,Left,3,4,17.7,7.979,33,26,2,2,
265,8/26/2022,1332,16,Sound,CO2,Left,3,4,17.6,7.916,49,15,1,1,
266,8/26/2022,1342,16,Acclimation,CO2,Right,3,5,17.8,7.922,5,9,2,1,
267,8/26/2022,1349,16,Sound,CO2,Right,3,5,17.9,7.934,8,18,2,2,
268,8/26/2022,1401,16,Acclimation,CO2,Left,3,6,17.8,7.917,NA,NA,0,NA,
269,8/26/2022,1407,16,Sound,CO2,Left,3,6,17.9,7.917,NA,NA,0,NA,
270,8/26/2022,1418,17,Acclimation,CO2,Right,3,4,17.9,7.943,5,65,3,2,ignore light
271,8/26/2022,1423,17,Sound,CO2,Right,3,4,17.9,7.943,23,NA,1,0,
272,8/26/2022,1435,17,Acclimation,CO2,Left,3,5,17.9,7.942,6,10,2,2,
273,8/26/2022,1441,17,Sound,CO2,Left,3,5,17.7,7.95,25,68,2,1,
274,8/26/2022,1450,17,Acclimation,CO2,Right,3,6,17.6,7.954,141,25,1,1,
275,8/26/2022,1456,17,Sound,CO2,Right,3,6,17.8,7.966,131,NA,1,0,
276,8/30/2022,1121,13,Acclimation,CO2,Left,7,7,16.7,8.03,NA,NA,0,NA,
277,8/30/2022,1128,13,Sound,CO2,Left,7,7,16.8,8.03,NA,NA,0,NA,
278,8/30/2022,1138,13,Acclimation,CO2,Right,7,8,16.9,8.03,300,NA,1,NA,
279,8/30/2022,1145,13,Sound,CO2,Right,7,8,17.3,8.023,32,16,3,2,1 sec delay on light
280,8/30/2022,1154,13,Acclimation,CO2,Left,7,9,17.4,8.059,69,208,1,1,
281,8/30/2022,1202,13,Sound,CO2,Left,7,9,17.4,8.02,NA,NA,0,NA,
282,8/30/2022,1215,14,Acclimation,CO2,Right,7,7,17.2,8.018,49,33,3,3,
283,8/30/2022,1221,14,Sound,CO2,Right,7,7,17.3,8.014,40,10,2,2,
284,8/30/2022,1230,14,Acclimation,CO2,Left,7,8,17.3,8.019,103,71,2,2,
285,8/30/2022,1236,14,Sound,CO2,Left,7,8,17.3,8.018,20,11,2,2,
286,8/30/2022,1245,14,Acclimation,CO2,Right,7,9,17.5,8.01,9,80,3,2,
287,8/30/2022,1254,14,Sound,CO2,Right,7,9,17.7,8.012,17,8,2,2,
288,8/30/2022,1315,15,Acclimation,CO2,Left,7,7,17.7,8.006,18,73,3,2,
289,8/30/2022,1321,15,Sound,CO2,Left,7,7,17.7,7.993,15,33,3,3,
290,8/30/2022,1354,15,Acclimation,CO2,Left,7,9,17.7,7.993,96,24,3,2,
291,8/30/2022,1344,15,Sound,CO2,Left,7,8,17.7,7.98,115,27,1,1,"Started in the right side, originally ""Right"", but left speaker playing"
292,8/30/2022,1338,15,Acclimation,CO2,Right,7,8,17.7,7.996,54,49,2,1,
293,8/30/2022,1403,15,Sound,CO2,Right,7,9,17.7,7.98,16,69,2,1,
294,8/30/2022,1424,16,Acclimation,CO2,Right,7,7,17.5,7.971,5,17,2,1,
295,8/30/2022,1430,16,Sound,CO2,Right,7,7,17.6,7.969,13,20,3,3,
296,8/30/2022,1442,16,Acclimation,CO2,Left,7,8,17.5,7.964,49,18,3,2,
297,8/30/2022,1451,16,Sound,CO2,Left,7,8,17.5,7.965,3,39,1,1,
298,8/30/2022,1515,16,Acclimation,CO2,Right,7,9,17.8,7.944,20,44,3,3,
299,8/30/2022,1521,16,Sound,CO2,Right,7,9,17.9,7.944,64,22,2,2,
300,8/30/2022,1541,17,Acclimation,CO2,Left,7,7,17.4,7.938,1,39,4,4,
301,8/30/2022,1547,17,Sound,CO2,Left,7,7,17.4,7.936,31,32,4,4,
302,8/30/2022,1558,17,Acclimation,CO2,Right,7,8,17.6,7.937,14,20,5,4,
303,8/30/2022,1604,17,Sound,CO2,Right,7,8,17.7,7.932,11,15,5,5,
304,8/30/2022,1616,17,Acclimation,CO2,Left,7,9,17.6,7.926,9,50,6,5,
305,8/30/2022,1622,17,Sound,CO2,Left,7,9,17.6,7.922,6,50,5,4,
306,8/31/2022,805,18,Acclimation,Air,Right,1,1,18,8.048,45,12,3,2,
307,8/31/2022,811,18,Sound,Air,Right,1,1,18,8.057,96,10,2,2,
308,8/31/2022,822,18,Acclimation,Air,Left,1,2,18.1,8.039,61,31,2,2,
309,8/31/2022,828,18,Sound,Air,Left,1,2,18.1,8.021,5,43,1,1,4s light delay
310,8/31/2022,841,18,Acclimation,Air,Right,1,3,18.1,8.069,7,25,1,1,
311,8/31/2022,848,18,Sound,Air,Right,1,3,18.1,8.06,NA,NA,0,NA,
312,8/31/2022,906,19,Acclimation,Air,Left,1,1,17.9,8.014,6,44,3,3,
313,8/31/2022,912,19,Sound,Air,Left,1,1,17.8,8.008,236,15,1,1,
314,8/31/2022,922,19,Acclimation,Air,Right,1,2,17.7,8.047,180,61,1,1,
315,8/31/2022,928,19,Sound,Air,Right,1,2,17.8,8.037,NA,NA,0,NA,
316,8/31/2022,936,19,Acclimation,Air,Left,1,3,17.9,8.056,38,27,2,2,
317,8/31/2022,943,19,Sound,Air,Left,1,3,17.9,8.014,5,66,1,1,1s delay on sound
318,8/31/2022,953,20,Acclimation,Air,Right,1,1,17.8,8.012,16,42,4,3,
319,8/31/2022,959,20,Sound,Air,Right,1,1,NA,NA,4,10,3,3,
320,8/31/2022,1007,20,Acclimation,Air,Left,1,2,18,8.047,4,17,6,6,
321,8/31/2022,1014,20,Sound,Air,Left,1,2,18,8.039,42,1,4,4,
322,8/31/2022,1021,20,Acclimation,Air,Right,1,3,17.8,8.037,26,NA,1,0,
323,8/31/2022,1030,20,Sound,Air,Right,1,3,18.1,8.055,19,NA,1,0,
324,9/2/2022,907,18,Acclimation,Air,Left,3,4,NA,NA,3,25,3,3,
325,9/2/2022,940,18,Sound,Air,Left,3,4,18.2,7.992,90,2,1,1,
326,9/2/2022,951,18,Acclimation,Air,Right,3,5,NA,NA,272,NA,1,0,
327,9/2/2022,957,18,Sound,Air,Right,3,5,17.9,7.989,1,137,2,2,
328,9/2/2022,1006,18,Acclimation,Air,Left,3,6,NA,NA,16,117,2,1,Did we forget to turn off the light?
329,9/2/2022,1014,18,Sound,Air,Left,3,6,18.1,8.188,5,18,3,3,
330,9/2/2022,1027,19,Acclimation,Air,Right,3,4,17.9,7.994,59,28,1,1,
331,9/2/2022,1033,19,Sound,Air,Right,3,4,17.9,7.993,20,9,1,1,
332,9/2/2022,1041,19,Acclimation,Air,Left,3,5,17.9,7.989,78,185,2,1,
333,9/2/2022,1047,19,Sound,Air,Left,3,5,17.9,7.988,7,9,1,1,
334,9/2/2022,1056,19,Acclimation,Air,Right,3,6,18,7.979,NA,NA,0,NA,
335,9/2/2022,1102,19,Sound,Air,Right,3,6,18,7.96,NA,NA,0,NA,
336,9/2/2022,1116,20,Acclimation,Air,Left,3,4,18,7.978,31,22,3,3,
337,9/2/2022,1122,20,Sound,Air,Left,3,4,18,7.974,37,9,2,2,
338,9/2/2022,1133,20,Acclimation,Air,Right,3,5,18.1,7.988,12,NA,1,0,
339,9/2/2022,1142,20,Sound,Air,Right,3,5,18.6,7.971,5,NA,1,0,
340,9/2/2022,1149,20,Acclimation,Air,Left,3,6,18.7,7.985,NA,NA,0,NA,
341,9/2/2022,1158,20,Sound,Air,Left,3,6,18.8,7.966,NA,NA,0,NA,
342,9/6/2022,955,18,Acclimation,Air,Right,7,7,17.7,7.967,NA,NA,0,NA,
343,9/6/2022,1007,18,Sound,Air,Right,7,7,17.7,7.967,281,11,1,1,
344,9/6/2022,1023,18,Acclimation,Air,Left,7,8,17.7,7.969,19,27,4,3,
345,9/6/2022,1030,18,Sound,Air,Left,7,8, NA,NA,35,10,2,2,
346,9/6/2022,1046,18,Acclimation,Air,Right,7,9,17.8,7.955,7,66,2,2,
347,9/6/2022,1055,18,Sound,Air,Right,7,9,17.7,7.975,8,11,3,2,
348,9/6/2022,1115,19,Acclimation,Air,Left,7,7,17.8,7.97,NA,NA,0,NA,
349,9/6/2022,1121,19,Sound,Air,Left,7,7,17.8,7.979,227,37,1,1,
350,9/6/2022,1141,19,Acclimation,Air,Right,7,8,17.7,7.979,41,NA,1,0,
351,9/6/2022,1148,19,Sound,Air,Right,7,8,17.7,7.987,NA,NA,0,NA,
352,9/6/2022,1205,19,Acclimation,Air,Left,7,9,17.7,7.973,NA,NA,0,NA,
353,9/6/2022,1217,19,Sound,Air,Left,7,9,17.6,7.982,NA,NA,0,NA,
354,9/6/2022,1231,20,Acclimation,Air,Right,7,7,17.6,7.976,NA,NA,0,NA,
355,9/6/2022,1239,20,Sound,Air,Right,7,7,17.6,7.971,33,13,1,1,
356,9/6/2022,1253,20,Acclimation,Air,Left,7,8,17.7,7.955,188,21,2,2,
357,9/6/2022,1259,20,Sound,Air,Left,7,8,17.7,7.988,NA,NA,0,NA,
358,9/6/2022,1310,20,Acclimation,Air,Right,7,9,17.7,7.971,146,235,2,2,
359,9/6/2022,1315,20,Sound,Air,Right,7,9,17.7,7.967,66,23,1,1,4s delay on light
NA,8/9/2022,NA,2,Sound,Air,Right,7,7,NA,NA,NA,NA,NA,NA,Video file corrupted during recording. No data.
