ID,Etho_Delay,Date,Time,FishID,Sound,TrainedWith,Speaker,Days_Since_Train,Fish_TrialNum,Temp_C,Start_pH,Delay_s,Exit_s,Return_s,Avoid_N,Return_N,Notes
1,,2022/8/3,1001,1,Acclimation,Air,Left,1,1,18.1,7.933,0,12,43,3,2,
2,,2022/8/3,1007,1,Sound,Air,Left,1,1,18.1,NA,,1,49,5,5,
3,,2022/8/3,1023,1,Acclimation,Air,Right,1,2,18.2,7.92,0,35,34,3,2,
4,,2022/8/3,1029,1,Sound,Air,Right,1,2,18.2,NA,,NA,NA,0,NA,swims in circles around speaker
5,,2022/8/3,1047,1,Acclimation,Air,Left,1,3,18,7.931,0,13,58,4,4,
6,,2022/8/3,1053,1,Sound,Air,Left,1,3,18,NA,,8,79,2,2,
7,,2022/8/3,1117,2,Acclimation,Air,Right,1,1,18.3,7.92,0,46,2,3,3,hovering around shuttle
8,,2022/8/3,1124,2,Sound,Air,Right,1,1,18.3,NA,,100,5,4,4,
9,,2022/8/3,1145,2,Acclimation,Air,Left,1,2,18.2,7.923,0,2,105,2,1,
10,,2022/8/3,1152,2,Sound,Air,Left,1,2,18.2,NA,,8,8,5,5,
11,,2022/8/3,1208,2,Acclimation,Air,Right,1,3,18,7.919,0,22,NA,1,NA,
12,,2022/8/3,1214,2,Sound,Air,Right,1,3,18,NA,,38,5,2,2,
13,,2022/8/3,1249,3,Acclimation,Air,Left,1,1,19.3,7.88,0,6,14,4,3,
14,,2022/8/3,1257,3,Sound,Air,Left,1,1,19.3,NA,,NA,NA,0,NA,"No shuttling. Error with right side cam, only 2 minutes. "
15,,2022/8/3,1316,3,Acclimation,Air,Right,1,2,18.8,7.83,0,20,17,3,2,
16,,2022/8/3,1322,3,Sound,Air,Right,1,2,18.8,NA,,16,4,2,2,
17,,2022/8/3,1339,3,Acclimation,Air,Left,1,3,18.4,7.8,0,2,142,3,2,
18,,2022/8/3,1349,3,Sound,Air,Left,1,3,18.4,NA,,NA,NA,0,NA,"Less active, hugging speaker wall by bubblers"
19,,2022/8/5,1015,1,Acclimation,Air,Right,3,4,17.4,7.86,0,20,19,3,3,
20,,2022/8/5,1021,1,Sound,Air,Right,3,4,17.4,NA,,3,31,4,4,
21,,2022/8/5,1039,1,Acclimation,Air,Left,3,5,17.8,7.86,0,29,20,2,1,
22,,2022/8/5,1045,1,Sound,Air,Left,3,5,17,NA,,181,4,2,2,
23,,2022/8/5,1102,1,Acclimation,Air,Right,3,6,16.9,7.82,0,97,46,2,1,
24,,2022/8/5,1108,1,Sound,Air,Right,3,6,16.9,NA,,8,286,1,1,
25,,2022/8/5,1127,2,Acclimation,Air,Left,3,4,17.1,7.873,0,22,31,5,4,
26,,2022/8/5,1133,2,Sound,Air,Left,3,4,17.1,NA,,191,8,2,2,
27,,2022/8/5,1150,2,Acclimation,Air,Right,3,5,17.1,7.872,0,58,Inf,1,0,
28,,2022/8/5,1201,2,Sound,Air,Right,3,5,17.1,NA,,NA,NA,0,NA,
29,,2022/8/5,1217,2,Acclimation,Air,Left,3,6,17.2,7.873,0,21,7,3,3,
30,,2022/8/5,1223,2,Sound,Air,Left,3,6,17.2,NA,,3,27,1,1,
31,,2022/8/5,1310,3,Acclimation,Air,Right,3,4,17.3,7.872,0,95,Inf,1,0,
32,,2022/8/5,1318,3,Sound,Air,Right,3,4,17.3,NA,,49,13,3,3,
33,,2022/8/5,1334,3,Acclimation,Air,Left,3,5,17.3,7.866,0,14,64,2,1,
34,,2022/8/5,1341,3,Sound,Air,Left,3,5,17.3,NA,,66,3,1,1,
35,,2022/8/5,1358,3,Acclimation,Air,Right,3,6,17.1,7.863,0,Inf,NA,0,0,
36,,2022/8/5,1403,3,Sound,Air,Right,3,6,17.1,NA,,Inf,NA,0,0,5s delay after light
37,,2022/8/9,1428,3,Acclimation,Air,Left,7,7,17.2,7.709,0,NA,NA,0,NA,
38,,2022/8/9,1435,3,Sound,Air,Left,7,7,17.2,NA,10,NA,NA,0,NA,
39,,2022/8/9,1444,3,Acclimation,Air,Right,7,8,17.2,7.711,0,225,NA,1,NA,
40,,2022/8/9,1451,3,Sound,Air,Right,7,8,17.2,NA,2,NA,NA,0,NA,
41,,2022/8/9,1500,3,Acclimation,Air,Left,7,9,17.2,7.713,0,NA,NA,0,NA,
42,,2022/8/9,1505,3,Sound,Air,Left,7,9,17.2,NA,5,NA,NA,0,NA,
43,,2022/8/9,1516,2,Acclimation,Air,Right,7,7,16.8,7.711,0,58,220,2,1,
44,,2022/8/9,1549,2,Acclimation,Air,Right,7,8,17.2,7.712,0,NA,NA,0,NA,was supposed to be on left
45,,2022/8/9,1600,2,Sound,Air,Left,7,8,17.2,NA,1,8,31,4,4,
46,,2022/8/9,1608,2,Acclimation,Air,Right,7,9,16.8,7.714,0,19,53,1,1,
47,,2022/8/9,1614,2,Sound,Air,Right,7,9,16.8,NA,1,NA,NA,0,NA,
48,,2022/8/9,1621,1,Acclimation,Air,Left,7,7,16.6,7.756,0,NA,NA,0,NA,
49,,2022/8/9,1628,1,Sound,Air,Left,7,7,16.9,NA,5,NA,NA,0,NA,
50,,2022/8/9,1635,1,Acclimation,Air,Right,7,8,17,7.714,0,11,NA,1,NA,
51,,2022/8/9,1641,1,Sound,Air,Right,7,8,17,7.709,0,7,NA,1,NA,
52,,2022/8/9,1648,1,Acclimation,Air,Left,7,9,17.1,7.716,0,68,127,1,1,
53,,2022/8/9,1658,1,Sound,Air,Left,7,9,17,7.712,1,NA,NA,0,NA,
54,,2022/8/10,1000,4,Acclimation,CO2,Right,1,1,17.1,7.881,0,22,9,4,4,
55,,2022/8/10,1008,4,Sound,CO2,Right,1,1,17.1,7.919,3,7,33,6,6,
56,,2022/8/10,1026,4,Acclimation,CO2,Left,1,2,16.7,7.913,0,10,22,6,5,temp folder 
57,,2022/8/10,1035,4,Sound,CO2,Left,1,2,16.5,7.917,2,1,NA,1,NA,sound is played 2 seconds in. ignore light
58,,2022/8/10,1048,4,Acclimation,CO2,Right,1,3,16.8,7.906,0,111,23,3,3,
59,,2022/8/10,1055,4,Sound,CO2,Right,1,3,16.9,7.912,5,14,7,1,1,
60,,2022/8/10,1118,5,Acclimation,CO2,Left,1,1,17.1,7.912,0,53,38,4,4,
61,,2022/8/10,1124,5,Sound,CO2,Left,1,1,17,7.904,9,6,32,5,5,
62,,2022/8/10,1135,5,Acclimation,CO2,Right,1,2,16.8,7.899,0,6,20,4,3,
63,,2022/8/10,1141,5,Sound,CO2,Right,1,2,16.8,7.909,3,5,23,3,3,
64,,2022/8/10,1156,5,Acclimation,CO2,Left,1,3,16.7,7.911,0,5,32,4,3,
65,,2022/8/10,1207,5,Sound,CO2,Left,1,3,16.6,7.893,3,0,33,5,4,"shuttled immediatley, fish undecisive"
66,,2022/8/10,1228,6,Acclimation,CO2,Right,1,1,16.6,7.889,0,44,21,4,4,
67,,2022/8/10,1234,6,Sound,CO2,Right,1,1,16.7,7.9,1,12,16,2,1,good avoidance 
68,,2022/8/10,1248,6,Acclimation,CO2,Left,1,2,16.7,7.949,0,NA,NA,0,NA,
69,,2022/8/10,1253,6,Sound,CO2,Left,1,2,16.7,7.878,7,108,39,2,1,
70,,2022/8/10,1341,6,Acclimation,CO2,Right,1,3,16.7,7.86,0,153,32,1,1,
71,,2022/8/10,1347,6,Sound,CO2,Right,1,3,16.7,7.857,6,NA,NA,0,NA,
72,,2022/8/10,1410,7,Acclimation,CO2,Left,1,1,16.8,7.854,0,97,37,2,2,freeze affect on fish 7 + lack of reaction overall. 
73,,2022/8/10,1415,7,Sound,CO2,Left,1,1,16.8,7.8511,3,NA,NA,0,NA,sound is played 1 second before light 
74,,2022/8/10,1429,7,Acclimation,CO2,Right,1,2,16.8,7.871,0,50,42,1,1,
75,,2022/8/10,1437,7,Sound,CO2,Right,1,2,16.8,7.869,3,NA,NA,0,NA,
76,,2022/8/10,1451,7,Acclimation,CO2,Left,1,3,16.8,7.844,0,16,89,2,1,
77,,2022/8/10,1458,7,Sound,CO2,Left,1,3,16.8,7.847,7,4,236,1,1,shuttle sitter + manic episode
78,,2022/8/10,1515,8,Acclimation,CO2,Right,1,1,16.8,7.859,0,45,37,4,3,
79,,2022/8/10,1523,8,Sound,CO2,Right,1,1,16.7,7.849,5,24,27,1,1,
80,,2022/8/10,1542,8,Acclimation,CO2,Left,1,2,16.9,7.855,0,3,NA,1,NA,
81,,2022/8/10,1553,8,Sound,CO2,Left,1,2,16.8,7.849,11,7,NA,1,NA,
82,,2022/8/10,1609,8,Acclimation,CO2,Right,1,3,16.8,7.843,0,NA,NA,0,NA,
83,,2022/8/10,1620,8,Sound,CO2,Right,1,3,16.9,7.84,3,145,7,1,1,
84,,2022/8/12,1007,4,Acclimation,CO2,Right,3,4,NA,NA,0,6,33,5,4,
85,,2022/8/12,1024,4,Sound,CO2,Right,3,4,18.8,7.862,1,NA,NA,0,NA,
86,,2022/8/12,1100,4,Acclimation,CO2,Left,3,5,17.9,8.016,0,20,34,4,3,Unplugged pumps from now on
87,,2022/8/12,1129,4,Sound,CO2,Left,3,5,17.9,7.99,0,1,15,3,3,
88,,2022/8/12,1142,4,Acclimation,CO2,Right,3,6,17.9,7.978,0,39,43,2,2,
89,,2022/8/12,1148,4,Sound,CO2,Right,3,6,17.9,7.985,5,8,39,1,1,Sound after 3s of light
90,,2022/8/12,1204,5,Acclimation,CO2,Left,3,4,17.9,7.973,0,2,28,5,5,
91,,2022/8/12,1210,5,Sound,CO2,Left,3,4,17.8,7.991,1,30,18,3,2,
92,,2022/8/12,1223,5,Acclimation,CO2,Right,3,5,17.5,7.996,0,10,12,5,4,
93,,2022/8/12,1310,5,Sound,CO2,Right,3,5,17.5,7.984,2,4,19,2,2,
94,,2022/8/12,1323,5,Acclimation,CO2,Left,3,6,17.7,7.996,0,1,22,4,4,
95,,2022/8/12,1329,5,Sound,CO2,Left,3,6,17.7,7.988,2,4,8,4,4,
96,,2022/8/12,1341,6,Acclimation,CO2,Right,3,4,17.5,7.997,0,14,28,5,4,
97,,2022/8/12,1347,6,Sound,CO2,Right,3,4,17.5,7.992,3,18,49,4,3,
98,,2022/8/12,1358,6,Acclimation,CO2,Left,3,5,17.6,7.958,0,66,19,3,3,
99,,2022/8/12,1404,6,Sound,CO2,Left,3,5,17.7,7.987,2,9,10,2,2,
100,,2022/8/12,1414,6,Acclimation,CO2,Right,3,6,17.8,8.014,0,89,25,4,3,
101,,2022/8/12,1421,6,Sound,CO2,Right,3,6,17.8,8.013,0,100,6,1,1,
102,,2022/8/12,1442,7,Acclimation,CO2,Left,3,4,17.8,7.966,0,40,45,3,3,
103,,2022/8/12,1448,7,Sound,CO2,Left,3,4,17.9,7.991,1,87,97,1,1,Sound on 1s after light
104,,2022/8/12,1500,7,Acclimation,CO2,Right,3,5,17.9,7.972,0,16,19,3,3,
105,,2022/8/12,1505,7,Sound,CO2,Right,3,5,17.9,7.98,4,11,NA,1,NA,
106,,2022/8/12,1516,7,Acclimation,CO2,Left,3,6,17.5,7.985,0,90,120,3,2,
107,,2022/8/12,1526,7,Sound,CO2,Left,3,6,17.5,7.976,1,2s,NA,1,NA,"sound is on 1s into video, ignore light"
108,,2022/8/12,1541,8,Acclimation,CO2,Right,3,4,17.5,7.977,0,16,44,3,3,
109,,2022/8/12,1547,8,Sound,CO2,Right,3,4,17.8,7.982,0,9,41,5,4,
110,,2022/8/12,1557,8,Acclimation,CO2,Left,3,5,17.9,7.988,0,53,47,3,2,
111,,2022/8/12,1603,8,Sound,CO2,Left,3,5,18,7.999,2,25,58,3,3,
112,,2022/8/12,1612,8,Acclimation,CO2,Right,3,6,17.8,7.984,0,29,42,3,2,
113,,2022/8/12,1619,8,Sound,CO2,Right,3,6,17.8,7.994,0,8,33,4,3,
114,,2022/8/16,1403,4,Acclimation,CO2,Left,7,7,18.3,7.919,0,2,83,3,2,
115,,2022/8/16,1408,4,Sound,CO2,Left,7,7,17.7,8.016,1,2,29,4,4,light turns on 5s after sound
116,,2022/8/16,1422,4,Acclimation,CO2,Right,7,8,NA,NA,0,3,81,3,2,
117,,2022/8/16,1428,4,Sound,CO2,Right,7,8,17.1,8.007,0,205,211,1,1,
118,,2022/8/16,1441,4,Acclimation,CO2,Left,7,9,17.3,8.008,0,35,142,2,2,
119,,2022/8/16,1448,4,Sound,CO2,Left,7,9,17.3,8.007,2,12,NA,1,NA,
120,,2022/8/16,1507,5,Acclimation,CO2,Right,7,7,17.1,8.005,0,210,288,1,1,
121,,2022/8/16,1514,5,Sound,CO2,Right,7,7,17.1,8.019,0,189,221,1,1,
122,,2022/8/16,1524,5,Acclimation,CO2,Left,7,8,17.1,8.04,0,NA,NA,0,NA,
123,,2022/8/16,1529,5,Sound,CO2,Left,7,8,17.1,8.029,3,191,NA,1,NA,
124,,2022/8/16,1537,5,Acclimation,CO2,Right,7,9,17.1,8.07,0,NA,NA,0,NA,
125,,2022/8/16,1543,5,Sound,CO2,Right,7,9,17,8.022,2,35,242,1,1,
126,,2022/8/16,1550,6,Acclimation,CO2,Left,7,7,17.1,8.024,0,51,181,4,3,
127,,2022/8/16,1555,6,Sound,CO2,Left,7,7,17.1,8.019,2,10,37,5,5,2s light came on after sound
128,,2022/8/16,1603,6,Acclimation,CO2,Right,7,8,17.2,8.08,0,18,41,6,6,
129,,2022/8/16,1610,6,Sound,CO2,Right,7,8,17.2,8.01,2,7,29,4,4,
130,,2022/8/16,1617,6,Acclimation,CO2,Left,7,9,17.3,8.06,0,12,28,4,4,
131,,2022/8/16,1622,6,Sound,CO2,Left,7,9,17.2,8.034,3,NA,NA,0,NA,
132,,2022/8/16,1630,7,Acclimation,CO2,Right,7,7,17.1,7.993,0,18,39,5,5,
133,,2022/8/16,1636,7,Sound,CO2,Right,7,7,17.2,8.01,2,12,22,4,4,1s light on before sound
134,,2022/8/16,1642,7,Acclimation,CO2,Left,7,8,17.3,8.096,0,13,34,4,3,
135,,2022/8/16,1650,7,Sound,CO2,Left,7,8,17.3,8.013,2,77,16,4,4,
136,,2022/8/16,1656,7,Acclimation,CO2,Right,7,9,17.3,8.061,0,24,12,5,5,
137,,2022/8/16,1701,7,Sound,CO2,Right,7,9,17.4,8.014,1,NA,NA,0,NA,
138,,2022/8/16,1709,8,Acclimation,CO2,Left,7,7,17.5,8.068,0,118,42,2,2,
139,,2022/8/16,1715,8,Sound,CO2,Left,7,7,17.3,8.014,2,NA,NA,0,NA,
140,,2022/8/16,1721,8,Acclimation,CO2,Right,7,8,17.2,8.087,0,180,NA,1,0,
141,,2022/8/16,1727,8,Sound,CO2,Right,7,8,17.1,8.012,4,240,14,1,1,Exclude because fish not in reaction zone at sound onset?
142,,2022/8/16,1734,8,Acclimation,CO2,Left,7,9,17.2,8.106,0,134,36,1,1,
143,,2022/8/16,1739,8,Sound,CO2,Left,7,9,17.3,8.024,2,186,56,1,1,
144,,2022/8/17,1019,9,Acclimation,Air,Left,1,1,17.5,7.955,0,9,30,5,4,
145,,2022/8/17,1028,9,Sound,Air,Left,1,1,17.5,7.955,5,5,79,3,3,
146,,2022/8/17,1040,9,Acclimation,Air,Right,1,2,17.2,7.99,0,13,7,2,2,
147,,2022/8/17,1045,9,Sound,Air,Right,1,2,17.2,7.989,1,45,3,2,2,
148,,2022/8/17,1058,9,Acclimation,Air,Left,1,3,17,7.967,0,28,6,4,3,
149,,2022/8/17,1104,9,Sound,Air,Left,1,3,16.9,7.972,4,57,11,1,1,
150,,2022/8/17,1126,11,Acclimation,Air,Right,1,1,16.9,7.982,0,4,64,4,4,
151,,2022/8/17,1132,11,Sound,Air,Right,1,1,16.9,7.98,2,4,17,5,5,
152,,2022/8/17,1142,11,Acclimation,Air,Left,1,2,17.3,7.99,0,28,71,3,3,
153,,2022/8/17,1150,11,Sound,Air,Left,1,2,17.3,7.991,1,11,43,2,2,
154,,2022/8/17,1201,11,Acclimation,Air,Right,1,3,17.5,7.975,0,2,73,3,2,
155,,2022/8/17,1206,11,Sound,Air,Right,1,3,17.5,7.979,0,5,17,3,3,
156,,2022/8/17,1226,10,Acclimation,Air,Left,1,1,17.6,7.985,0,5,28,4,3,
157,,2022/8/17,1232,10,Sound,Air,Left,1,1,17.5,7.983,2,4,34,6,6,
158,,2022/8/17,1241,10,Acclimation,Air,Right,1,2,17.8,7.992,0,5,29,5,5,
159,,2022/8/17,1246,10,Sound,Air,Right,1,2,17.9,7.973,1,2,15,3,3,
160,,2022/8/17,1256,10,Acclimation,Air,Left,1,3,17.9,8.007,0,5,55,4,4,
161,,2022/8/17,1301,10,Sound,Air,Left,1,3,17.8,7.96,2,2,25,2,2,
162,,2022/8/17,1337,12,Acclimation,Air,Right,1,1,18.8,7.794,0,10,14,1,1,
163,,2022/8/17,1343,12,Sound,Air,Right,1,1,18.4,7.965,5,126,10,3,2,light on after 4s of sound
164,,2022/8/17,1354,12,Acclimation,Air,Left,1,2,18.1,7.988,0,116,77,2,2,
165,,2022/8/17,1402,12,Sound,Air,Left,1,2,18,7.96,4,21,12,3,3,
166,,2022/8/17,1410,12,Acclimation,Air,Right,1,3,17.6,8.01,0,6,198,3,2,
167,,2022/8/17,1417,12,Sound,Air,Right,1,3,17.4,7.978,2,4,9,3,3,
168,,2022/8/19,954,9,Acclimation,Air,Left,3,4,17,7.944,0,25,55,6,5,ft. Cassie feet
169,,2022/8/19,1000,9,Sound,Air,Left,3,4,17,7.957,5,4,33,6,5,
170,,2022/8/19,1010,9,Acclimation,Air,Right,3,5,17.1,7.962,0,104,22,2,2,
171,,2022/8/19,1015,9,Sound,Air,Right,3,5,17.1,7.963,2,NA,NA,0,NA,
172,,2022/8/19,1023,9,Acclimation,Air,Left,3,6,17.3,7.958,0,35,200,2,1,
173,,2022/8/19,1029,9,Sound,Air,Left,3,6,17.4,7.97,1,5,45,2,1,
174,,2022/8/19,1048,11,Acclimation,Air,Right,3,4,17.6,7.956,0,40,50,4,4,
175,,2022/8/19,1054,11,Sound,Air,Right,3,4,17.7,7.97,2,92,5,2,2,
176,,2022/8/19,1101,11,Acclimation,Air,Left,3,5,17.7,8.099,0,4,48,3,2,
177,,2022/8/19,1109,11,Sound,Air,Left,3,5,17.7,8.115,1,7,25,1,1,
178,,2022/8/19,1117,11,Acclimation,Air,Right,3,6,17.6,8.049,0,22,27,6,6,
179,,2022/8/19,1123,11,Sound,Air,Right,3,6,17.7,7.964,3,NA,NA,0,NA,
180,,2022/8/19,1141,10,Acclimation,Air,Left,3,4,17.7,8.041,0,45,14,4,3,
181,,2022/8/19,1149,10,Sound,Air,Left,3,4,17.7,7.977,5,19,16,1,1,
182,,2022/8/19,1156,10,Acclimation,Air,Right,3,5,17.2,7.974,0,NA,NA,0,NA,
183,,2022/8/19,1202,10,Sound,Air,Right,3,5,17.2,7.974,2,NA,NA,0,NA,
184,,2022/8/19,1211,10,Acclimation,Air,Left,3,6,17.3,7.957,0,24,11,2,1,
185,,2022/8/19,1218,10,Sound,Air,Left,3,6,17.3,7.961,3,2,6,1,1,
186,,2022/8/19,1324,12,Acclimation,Air,Left,3,5,17.4,7.978,0,7,64,6,6,
187,,2022/8/19,1308,12,Sound,Air,Left,3,4,17.4,7.97,2,30,9,2,2,"Fish starts on right side, speaker was on left. oops "
188,,2022/8/19,1303,12,Acclimation,Air,Right,3,4,17.3,7.98,0,74,21,4,3,
189,,2022/8/19,1330,12,Sound,Air,Right,3,5,17.3,7.949,2,1,8,3,3,
190,,2022/8/19,1337,12,Acclimation,Air,Left,3,6,17.2,7.987,0,17,18,6,6,
191,,2022/8/19,1342,12,Sound,Air,Left,3,6,17.2,7.986,3,1,28,1,1,Overall observations: startle effect then fish swim around live speaker
192,,2022/8/23,1302,9,Acclimation,Air,Left,7,7,18.2,7.584,0,NA,NA,0,NA,
193,,2022/8/23,1311,9,Sound,Air,Left,7,7,17.4,7.595,3,4,7,2,2,
194,,2022/8/23,1328,9,Acclimation,Air,Right,7,8,17.2,7.576,0,3,NA,1,0,
195,,2022/8/23,1338,9,Sound,Air,Right,7,8,17.4,7.752,11,6,40,2,2,
196,,2022/8/23,1351,9,Acclimation,Air,Left,7,9,16.7,7.584,0,230,3,1,1,
197,,2022/8/23,1356,9,Sound,Air,Left,7,9,16.6,7.6,6,NA,NA,0,NA,Never left sound chamber... Incorperate Inf values instead of NA?
198,,2022/8/23,1407,11,Acclimation,Air,Right,7,7,17.1,7.616,0,40,38,3,3,
199,,2022/8/23,1413,11,Sound,Air,Right,7,7,17.2,7.591,3,10,23,4,4,
200,,2022/8/23,1428,11,Acclimation,Air,Left,7,8,16.8,7.595,0,54,81,3,3,
201,,2022/8/23,1435,11,Sound,Air,Left,7,8,16.7,7.613,2,22,48,2,1,
202,,2022/8/23,1447,11,Acclimation,Air,Right,7,9,16.8,7.613,0,10,48,1,1,
203,,2022/8/23,1454,11,Sound,Air,Right,7,9,16.9,7.602,6,8,14,4,3,
204,,2022/8/23,1508,10,Acclimation,Air,Left,7,7,16.8,7.595,0,65,42,6,6,
205,,2022/8/23,1515,10,Sound,Air,Left,7,7,16.8,7.586,2,11,15,1,1,
206,,2022/8/23,1527,10,Acclimation,Air,Right,7,8,17.1,7.577,0,78,16,2,2,
207,,2022/8/23,1537,10,Sound,Air,Right,7,8,17.2,7.574,1,3,NA,1,0,
208,,2022/8/23,1550,10,Acclimation,Air,Left,7,9,17,7.593,0,24,18,4,4,
209,,2022/8/23,1558,10,Sound,Air,Left,7,9,16.9,7.63,1,2,6,2,2,
210,,2022/8/23,1609,12,Acclimation,Air,Right,7,7,17,7.55,0,12,13,5,5,
211,,2022/8/23,1616,12,Sound,Air,Right,7,7,17.1,7.6,1,59,7,4,4,
212,,2022/8/23,1634,12,Acclimation,Air,Left,7,8,16.8,7.587,0,31,18,2,1,
213,,2022/8/23,1642,12,Sound,Air,Left,7,8,16.9,7.597,2,16,32,4,3,light on 1s late
214,,2022/8/23,1648,12,Acclimation,Air,Right,7,9,16.9,7.599,0,9,27,2,1,
215,,2022/8/23,1656,12,Sound,Air,Right,7,9,16.9,7.592,1,13,12,1,1,
216,,2022/8/24,1000,13,Acclimation,CO2,Left,1,1,17.8,7.6,0,14,52,4,3,
217,,2022/8/24,1005,13,Sound,CO2,Left,1,1,17.8,7.589,2,4,30,5,5,
218,,2022/8/24,1017,13,Acclimation,CO2,Right,1,2,17.9,7.706,0,5,NA,0,NA,
219,,2022/8/24,1023,13,Sound,CO2,Right,1,2,18.1,7.731,1,24,25,1,1,
220,,2022/8/24,1034,13,Acclimation,CO2,Left,1,3,18.1,7.602,0,58,14,1,1,
221,,2022/8/24,1040,13,Sound,CO2,Left,1,3,18,7.604,3,NA,NA,0,NA,
222,,2022/8/24,1057,14,Acclimation,CO2,Right,1,1,18.1,7.614,0,10,37,5,4,
223,,2022/8/24,1103,14,Sound,CO2,Right,1,1,18.1,7.64,1,25,22,3,3,
224,,2022/8/24,1114,14,Acclimation,CO2,Left,1,2,18,7.6,0,6,14,3,2,
225,,2022/8/24,1123,14,Sound,CO2,Left,1,2,18,7.625,7,6,82,2,1,
226,,2022/8/24,1135,14,Acclimation,CO2,Right,1,3,18.2,7.629,0,19,26,5,5,
227,,2022/8/24,1140,14,Sound,CO2,Right,1,3,18.3,7.633,2,13,50,2,2,
228,,2022/8/24,1201,15,Acclimation,CO2,Left,1,1,18.1,7.633,0,42,84,3,2,
229,,2022/8/24,1209,15,Sound,CO2,Left,1,1,18.1,7.616,6,5,53,5,4,
230,,2022/8/24,1220,15,Acclimation,CO2,Right,1,2,18.3,7.609,0,19,28,4,3,
231,,2022/8/24,1226,15,Sound,CO2,Right,1,2,18.5,7.618,3,62,38,2,1,
232,,2022/8/24,1238,15,Acclimation,CO2,Left,1,3,18.3,7.792,0,27,173,2,1,
233,,2022/8/24,1243,15,Sound,CO2,Left,1,3,18.3,7.71,6,20,44,2,2,
234,,2022/8/24,1339,16,Acclimation,CO2,Right,1,1,18.6,7.617,0,19,27,2,3,
235,,2022/8/24,1344,16,Sound,CO2,Right,1,1,18.7,7.624,7,19,14,2,1,
236,,2022/8/24,1355,16,Acclimation,CO2,Left,1,2,18.4,7.6,0,236,41,1,1,
237,,2022/8/24,1401,16,Sound,CO2,Left,1,2,18.2,7.589,6,NA,NA,0,NA,
238,,2022/8/24,1411,16,Acclimation,CO2,Right,1,3,18.5,7.632,0,11,19,6,5,
239,,2022/8/24,1418,16,Sound,CO2,Right,1,3,18.6,7.61,4,5,103,3,2,
240,No Delay,2022/8/24,1434,17,Acclimation,CO2,Left,1,1,18.1,7.598,0,NA,NA,0,NA,
241,4s Delay,2022/8/24,1441,17,Sound,CO2,Left,1,1,17.9,7.588,4,18,10,1,1,
242,No Delay,2022/8/24,1454,17,Acclimation,CO2,Right,1,2,18.3,7.599,0,70,NA,1,0,
243,5s Delay,2022/8/24,1500,17,Sound,CO2,Right,1,2,18.5,7.613,5,10,24,2,2,
244,No Delay,2022/8/24,1511,17,Acclimation,CO2,Left,1,3,18.3,7.586,0,20,15,3,2,
245,15s Delay,2022/8/24,1516,17,Sound,CO2,Left,1,3,18,7.577,15,16,28,3,3,
246,No Delay,2022/8/26,1011,13,Acclimation,CO2,Right,3,4,18.3,7.72,0,27,23,4,4,
247,3s Delay,2022/8/26,1019,13,Sound,CO2,Right,3,4,18.1,7.88,3,NA,NA,0,NA,
248,No Delay,2022/8/26,1036,13,Acclimation,CO2,Left,3,5,17.8,7.962,0,299,NA,1,NA,
249,1s Delay,2022/8/26,1044,13,Sound,CO2,Left,3,5,17.9,7.993,1,NA,NA,0,NA,Good movements away from speaker
250,No Delay,2022/8/26,1059,13,Acclimation,CO2,Right,3,6,17.9,7.992,0,241,24,2,1,
251,No Delay,2022/8/26,1107,13,Sound,CO2,Right,3,6,17.9,7.944,0,NA,NA,0,NA,
252,No Delay,2022/8/26,1121,14,Acclimation,CO2,Left,3,4,17.6,7.935,0,49,24,6,5,
253,1s Delay,2022/8/26,1126,14,Sound,CO2,Left,3,4,17.6,7.936,1,30,32,4,4,"1 sec into vid, sound."
254,No Delay,2022/8/26,1134,14,Acclimation,CO2,Right,3,5,17.6,7.93,0,20,13,3,3,
255,3s Delay,2022/8/26,1139,14,Sound,CO2,Right,3,5,17.6,7.88,3,NA,NA,0,NA,
256,No Delay,2022/8/26,1149,14,Acclimation,CO2,Left,3,6,17.7,7.924,0,5,45,5,4,
257,2s Delay,2022/8/26,1154,14,Sound,CO2,Left,3,6,17.7,7.926,2,3,40,3,3,
258,No Delay,2022/8/26,1205,15,Acclimation,CO2,Right,3,4,17.6,7.96,0,5,27,2,1,
259,3s Delay,2022/8/26,1211,15,Sound,CO2,Right,3,4,17.6,7.89,3,78,65,3,3,
260,No Delay,2022/8/26,1220,15,Acclimation,CO2,Left,3,5,17.5,7.928,0,44,80,3,2,
261,3s Delay,2022/8/26,1226,15,Sound,CO2,Left,3,5,17.5,7.923,3,84,34,2,1,
262,No Delay,2022/8/26,1257,15,Acclimation,CO2,Right,3,6,17.5,7.927,0,14,51,1,1,
263,6s Delay,2022/8/26,1304,15,Sound,CO2,Right,3,6,17.7,7.9,6,NA,NA,0,NA,
264,No Delay,2022/8/26,1325,16,Acclimation,CO2,Left,3,4,17.7,7.979,0,33,26,2,2,
265,2s Delay,2022/8/26,1332,16,Sound,CO2,Left,3,4,17.6,7.916,2,49,15,1,1,
266,No Delay,2022/8/26,1342,16,Acclimation,CO2,Right,3,5,17.8,7.922,0,5,9,2,1,
267,4s Delay,2022/8/26,1349,16,Sound,CO2,Right,3,5,17.9,7.934,4,8,18,2,2,
268,No Delay,2022/8/26,1401,16,Acclimation,CO2,Left,3,6,17.8,7.917,0,NA,NA,0,NA,
269,5s Delay,2022/8/26,1407,16,Sound,CO2,Left,3,6,17.9,7.917,5,NA,NA,0,NA,
270,No Delay,2022/8/26,1418,17,Acclimation,CO2,Right,3,4,17.9,7.943,0,5,65,3,2,ignore light
271,5s Delay,2022/8/26,1423,17,Sound,CO2,Right,3,4,17.9,7.943,5,23,NA,1,0,
272,No Delay,2022/8/26,1435,17,Acclimation,CO2,Left,3,5,17.9,7.942,0,6,10,2,2,
273,3s Delay,2022/8/26,1441,17,Sound,CO2,Left,3,5,17.7,7.95,3,25,68,2,1,
274,No Delay,2022/8/26,1450,17,Acclimation,CO2,Right,3,6,17.6,7.954,0,141,25,1,1,
275,4s Delay,2022/8/26,1456,17,Sound,CO2,Right,3,6,17.8,7.966,4,131,NA,1,0,
276,No Delay,2022/8/30,1121,13,Acclimation,CO2,Left,7,7,16.7,8.03,0,NA,NA,0,NA,
277,2s Delay,2022/8/30,1128,13,Sound,CO2,Left,7,7,16.8,8.03,2,NA,NA,0,NA,
278,No Delay,2022/8/30,1138,13,Acclimation,CO2,Right,7,8,16.9,8.03,0,300,NA,1,NA,
279,1s Delay,2022/8/30,1145,13,Sound,CO2,Right,7,8,17.3,8.023,1,32,16,3,2,1 sec delay on light
280,No Delay,2022/8/30,1154,13,Acclimation,CO2,Left,7,9,17.4,8.059,0,69,208,1,1,
281,1s Delay,2022/8/30,1202,13,Sound,CO2,Left,7,9,17.4,8.02,1,NA,NA,0,NA,
282,No Delay,2022/8/30,1215,14,Acclimation,CO2,Right,7,7,17.2,8.018,0,49,33,3,3,
283,2s Delay,2022/8/30,1221,14,Sound,CO2,Right,7,7,17.3,8.014,2,40,10,2,2,
284,No Delay,2022/8/30,1230,14,Acclimation,CO2,Left,7,8,17.3,8.019,0,103,71,2,2,
285,3s Delay,2022/8/30,1236,14,Sound,CO2,Left,7,8,17.3,8.018,3,20,11,2,2,
286,No Delay,2022/8/30,1245,14,Acclimation,CO2,Right,7,9,17.5,8.01,0,9,80,3,2,
287,2s Delay,2022/8/30,1254,14,Sound,CO2,Right,7,9,17.7,8.012,2,17,8,2,2,
288,No Delay,2022/8/30,1315,15,Acclimation,CO2,Left,7,7,17.7,8.006,0,18,73,3,2,
289,4s Delay,2022/8/30,1321,15,Sound,CO2,Left,7,7,17.7,7.993,4,15,33,3,3,
290,No Delay,2022/8/30,1354,15,Acclimation,CO2,Left,7,9,17.7,7.993,0,96,24,3,2,
291,No Delay,2022/8/30,1344,15,Sound,CO2,Left,7,8,17.7,7.98,0,115,27,1,1,"Started in the right side, originally ""Right"", but left speaker playing"
292,No Delay,2022/8/30,1338,15,Acclimation,CO2,Right,7,8,17.7,7.996,0,54,49,2,1,
293,5s Delay,2022/8/30,1403,15,Sound,CO2,Right,7,9,17.7,7.98,5,16,69,2,1,
294,No Delay,2022/8/30,1424,16,Acclimation,CO2,Right,7,7,17.5,7.971,0,5,17,2,1,
295,3s Delay,2022/8/30,1430,16,Sound,CO2,Right,7,7,17.6,7.969,3,13,20,3,3,
296,No Delay,2022/8/30,1442,16,Acclimation,CO2,Left,7,8,17.5,7.964,0,49,18,3,2,
297,1s Delay,2022/8/30,1451,16,Sound,CO2,Left,7,8,17.5,7.965,1,3,39,1,1,
298,No Delay,2022/8/30,1515,16,Acclimation,CO2,Right,7,9,17.8,7.944,0,20,44,3,3,
299,5s Delay,2022/8/30,1521,16,Sound,CO2,Right,7,9,17.9,7.944,5,64,22,2,2,
300,No Delay,2022/8/30,1541,17,Acclimation,CO2,Left,7,7,17.4,7.938,0,1,39,4,4,
301,6s Delay,2022/8/30,1547,17,Sound,CO2,Left,7,7,17.4,7.936,6,31,32,4,4,
302,No Delay,2022/8/30,1558,17,Acclimation,CO2,Right,7,8,17.6,7.937,0,14,20,5,4,
303,4s Delay,2022/8/30,1604,17,Sound,CO2,Right,7,8,17.7,7.932,4,11,15,5,5,
304,No Delay,2022/8/30,1616,17,Acclimation,CO2,Left,7,9,17.6,7.926,0,9,50,6,5,
305,2s Delay,2022/8/30,1622,17,Sound,CO2,Left,7,9,17.6,7.922,2,6,50,5,4,
306,No Delay,2022/8/31,805,18,Acclimation,Air,Right,1,1,18,8.048,0,45,12,3,2,
307,2s Delay,2022/8/31,811,18,Sound,Air,Right,1,1,18,8.057,2,96,10,2,2,
308,No Delay,2022/8/31,822,18,Acclimation,Air,Left,1,2,18.1,8.039,0,61,31,2,2,
309,1s Delay,2022/8/31,828,18,Sound,Air,Left,1,2,18.1,8.021,1,5,43,1,1,4s light delay
310,No Delay,2022/8/31,841,18,Acclimation,Air,Right,1,3,18.1,8.069,0,7,25,1,1,
311,2s Delay,2022/8/31,848,18,Sound,Air,Right,1,3,18.1,8.06,2,NA,NA,0,NA,
312,No Delay,2022/8/31,906,19,Acclimation,Air,Left,1,1,17.9,8.014,0,6,44,3,3,
313,2s Delay,2022/8/31,912,19,Sound,Air,Left,1,1,17.8,8.008,2,236,15,1,1,
314,No Delay,2022/8/31,922,19,Acclimation,Air,Right,1,2,17.7,8.047,0,180,61,1,1,
315,3s Delay,2022/8/31,928,19,Sound,Air,Right,1,2,17.8,8.037,3,NA,NA,0,NA,
316,No Delay,2022/8/31,936,19,Acclimation,Air,Left,1,3,17.9,8.056,0,38,27,2,2,
317,4s Delay,2022/8/31,943,19,Sound,Air,Left,1,3,17.9,8.014,4,5,66,1,1,1s delay on sound
318,No Delay,2022/8/31,953,20,Acclimation,Air,Right,1,1,17.8,8.012,0,16,42,4,3,
319,3s Delay,2022/8/31,959,20,Sound,Air,Right,1,1,NA,NA,3,4,10,3,3,
320,No Delay,2022/8/31,1007,20,Acclimation,Air,Left,1,2,18,8.047,0,4,17,6,6,
321,3s Delay,2022/8/31,1014,20,Sound,Air,Left,1,2,18,8.039,3,42,1,4,4,
322,No Delay,2022/8/31,1021,20,Acclimation,Air,Right,1,3,17.8,8.037,0,26,NA,1,0,
323,2s Delay,2022/8/31,1030,20,Sound,Air,Right,1,3,18.1,8.055,2,19,NA,1,0,
324,No Delay,2022/9/2,907,18,Acclimation,Air,Left,3,4,NA,NA,0,3,25,3,3,
325,3s Delay,2022/9/2,940,18,Sound,Air,Left,3,4,18.2,7.992,3,90,2,1,1,
326,No Delay,2022/9/2,951,18,Acclimation,Air,Right,3,5,NA,NA,0,272,NA,1,0,
327,5s Delay,2022/9/2,957,18,Sound,Air,Right,3,5,17.9,7.989,5,1,137,2,2,
328,No Delay,2022/9/2,1006,18,Acclimation,Air,Left,3,6,NA,NA,0,16,117,2,1,Did we forget to turn off the light?
329,5s Delay,2022/9/2,1014,18,Sound,Air,Left,3,6,18.1,8.188,5,5,18,3,3,
330,No Delay,2022/9/2,1027,19,Acclimation,Air,Right,3,4,17.9,7.994,0,59,28,1,1,
331,2s Delay,2022/9/2,1033,19,Sound,Air,Right,3,4,17.9,7.993,2,20,9,1,1,
332,No Delay,2022/9/2,1041,19,Acclimation,Air,Left,3,5,17.9,7.989,0,78,185,2,1,
333,4s Delay,2022/9/2,1047,19,Sound,Air,Left,3,5,17.9,7.988,4,7,9,1,1,
334,No Delay,2022/9/2,1056,19,Acclimation,Air,Right,3,6,18,7.979,0,NA,NA,0,NA,
335,1s Delay,2022/9/2,1102,19,Sound,Air,Right,3,6,18,7.96,1,NA,NA,0,NA,
336,No Delay,2022/9/2,1116,20,Acclimation,Air,Left,3,4,18,7.978,0,31,22,3,3,
337,2s Delay,2022/9/2,1122,20,Sound,Air,Left,3,4,18,7.974,2,37,9,2,2,
338,No Delay,2022/9/2,1133,20,Acclimation,Air,Right,3,5,18.1,7.988,0,12,NA,1,0,
339,2s Delay,2022/9/2,1142,20,Sound,Air,Right,3,5,18.6,7.971,2,5,NA,1,0,
340,No Delay,2022/9/2,1149,20,Acclimation,Air,Left,3,6,18.7,7.985,0,NA,NA,0,NA,
341,5s Delay,2022/9/2,1158,20,Sound,Air,Left,3,6,18.8,7.966,5,NA,NA,0,NA,
342,No Delay,2022/9/6,955,18,Acclimation,Air,Right,7,7,17.7,7.967,0,NA,NA,0,NA,
343,3s Delay,2022/9/6,1007,18,Sound,Air,Right,7,7,17.7,7.967,3,281,11,1,1,
344,No Delay,2022/9/6,1023,18,Acclimation,Air,Left,7,8,17.7,7.969,0,19,27,4,3,
345,6s Delay,2022/9/6,1030,18,Sound,Air,Left,7,8, NA,NA,6,35,10,2,2,
346,No Delay,2022/9/6,1046,18,Acclimation,Air,Right,7,9,17.8,7.955,0,7,66,2,2,
347,3s Delay,2022/9/6,1055,18,Sound,Air,Right,7,9,17.7,7.975,3,8,11,3,2,
348,No Delay,2022/9/6,1115,19,Acclimation,Air,Left,7,7,17.8,7.97,0,NA,NA,0,NA,
349,5s Delay,2022/9/6,1121,19,Sound,Air,Left,7,7,17.8,7.979,5,227,37,1,1,
350,No Delay,2022/9/6,1141,19,Acclimation,Air,Right,7,8,17.7,7.979,0,41,NA,1,0,
351,3s Delay,2022/9/6,1148,19,Sound,Air,Right,7,8,17.7,7.987,3,NA,NA,0,NA,
352,No Delay,2022/9/6,1205,19,Acclimation,Air,Left,7,9,17.7,7.973,0,NA,NA,0,NA,
353,2s Delay,2022/9/6,1217,19,Sound,Air,Left,7,9,17.6,7.982,2,NA,NA,0,NA,
354,No Delay,2022/9/6,1231,20,Acclimation,Air,Right,7,7,17.6,7.976,0,NA,NA,0,NA,
355,2s Delay,2022/9/6,1239,20,Sound,Air,Right,7,7,17.6,7.971,2,33,13,1,1,
356,No Delay,2022/9/6,1253,20,Acclimation,Air,Left,7,8,17.7,7.955,0,188,21,2,2,
357,5s Delay,2022/9/6,1259,20,Sound,Air,Left,7,8,17.7,7.988,5,NA,NA,0,NA,
358,No Delay,2022/9/6,1310,20,Acclimation,Air,Right,7,9,17.7,7.971,0,146,235,2,2,
359,2s Delay,2022/9/6,1315,20,Sound,Air,Right,7,9,17.7,7.967,2,66,23,1,1,4s delay on light
NA,,2022/8/9,NA,2,Sound,Air,Right,7,7,NA,NA,NA,NA,NA,NA,NA,Video file corrupted during recording. No data.